name_en,name_zh,url
Bao Xin,鲍信,/wiki/Bao_Xin
Bao Xun,鲍勋,/wiki/Bao_Xun
Bi Chen,毕谌,/wiki/Bi_Chen
Bi Gui,毕轨,/wiki/Bi_Gui
Bu Lianshi,步练师,/wiki/Bu_Lianshi
Bu Zhi,步骘,/wiki/Bu_Zhi
Budugen,步度根,/wiki/Budugen
Cai Mao,蔡瑁,/wiki/Cai_Mao
Cai Yong,蔡邕,/wiki/Cai_Yong
Cang Ci,仓慈,/wiki/Cang_Ci
Cao Ang,曹昂,/wiki/Cao_Ang
Cao Bao,曹豹,/wiki/Cao_Bao
Cao Biao,曹彪,/wiki/Cao_Biao
Cao Buxing,曹不兴,/wiki/Cao_Buxing
Cao Cao,曹操,/wiki/Cao_Cao
Cao Chong,曹冲,/wiki/Cao_Chong
Cao Chun,曹纯,/wiki/Cao_Chun
Cao Fang,曹芳,/wiki/Cao_Fang
Cao Gan,曹干,/wiki/Cao_Gan
Cao Gong,曹贡,/wiki/Cao_Gong
Cao Gun,曹衮,/wiki/Cao_Gun
Cao Hong,曹洪,/wiki/Cao_Hong
Cao Huan,曹奂,/wiki/Cao_Huan
Cao Hui,曹徽,/wiki/Cao_Hui_(Prince_of_Dongping)
Cao Jian,曹鉴,/wiki/Cao_Jian
Cao Jie,曹节,/wiki/Empress_Cao_Jie
Cao Ju,曹矩,/wiki/Cao_Ju_(Prince_of_Fanyang)
Cao Jun,曹均,/wiki/Cao_Jun_(Duke_of_Fan)
Cao Li,曹礼,/wiki/Cao_Li
Cao Lin,曹霖,/wiki/Cao_Lin_(Prince_of_Donghai)
Cao Mao,曹髦,/wiki/Cao_Mao
Cao Pi,曹丕,/wiki/Cao_Pi
Cao Ren,曹仁,/wiki/Cao_Ren
Cao Rui,曹叡,/wiki/Cao_Rui
Cao Shuang,曹爽,/wiki/Cao_Shuang
Cao Shuo,曹铄,/wiki/Cao_Shuo_(Cao_Cao%27s_son)
Cao Song,曹嵩,/wiki/Cao_Song
Cao Teng,曹腾,/wiki/Cao_Teng
Cao Xie,曹协,/wiki/Cao_Xie
Cao Xing,曹性,/wiki/Cao_Xing
Cao Xiong,曹熊,/wiki/Cao_Xiong
Cao Xiu,曹休,/wiki/Cao_Xiu
Cao Xuan,曹玹,/wiki/Cao_Xuan_(Cao_Cao%27s_son)
Cao Yan,曹俨,/wiki/Cao_Yan
Cao Yong,曹邕,/wiki/Cao_Yong_(Three_Kingdoms)
Cao Yu,曹宇,/wiki/Cao_Yu_(Three_Kingdoms)
Cao Zhang,曹彰,/wiki/Cao_Zhang
Cao Zhen,曹真,/wiki/Cao_Zhen
Cao Zhi,曹植,/wiki/Cao_Zhi
Cao Zicheng,曹子乘,/wiki/Cao_Zicheng
Cao Ziji,曹子棘,/wiki/Cao_Ziji
Cao Zijing,曹子京,/wiki/Cao_Zijing
Cao Ziqin,曹子勤,/wiki/Cao_Ziqin
Cao Zishang,曹子上,/wiki/Cao_Zishang
Cao Zizheng,曹子整,/wiki/Cao_Zizheng
Cen Hun,岑昏,/wiki/Cen_Hun
Chen Biao,陈表,/wiki/Chen_Biao
Chen Dao,陈到,/wiki/Chen_Dao
Chen Deng,陈登,/wiki/Chen_Deng
Chen Gong,陈宫,/wiki/Chen_Gong
Chen Gui,陈珪,/wiki/Chen_Gui
Chen Ji,陈纪,/wiki/Chen_Ji_(Chen_Shi%27s_son)
Chen Lin,陈琳,/wiki/Chen_Lin_(Han_dynasty)
Chen Qun,陈群,/wiki/Chen_Qun
Chen Shi,陈式,/wiki/Chen_Shi_(Three_Kingdoms)
Chen Shou,陈寿,/wiki/Chen_Shou
Chen Tai,陈泰,/wiki/Chen_Tai
Chen Wu,陈武,/wiki/Chen_Wu_(Han_dynasty)
Chen Zhen,陈震,/wiki/Chen_Zhen_(Three_Kingdoms)
Chen Zhi,陈祗,/wiki/Chen_Zhi_(Three_Kingdoms)
Cheng Bing,程秉,/wiki/Cheng_Bing
Cheng Ji,程畿,/wiki/Cheng_Ji_(Shu_Han)
Cheng Pu,程普,/wiki/Cheng_Pu
Cheng Yu,程昱,/wiki/Cheng_Yu
Chenggong Ying,成公英,/wiki/Chenggong_Ying
Chunyu Qiong,淳于琼,/wiki/Chunyu_Qiong
Cui Lin,崔林,/wiki/Cui_Lin
Cui Yan,崔琰,/wiki/Cui_Yan
Deng Ai,邓艾,/wiki/Deng_Ai
Deng Yang,邓飏,/wiki/Deng_Yang
Deng Zhi,邓芝,/wiki/Deng_Zhi
Deng Zhong,邓忠,/wiki/Deng_Zhong_(Three_Kingdoms)
Dian Man,典满,/wiki/Dian_Man
Dian Wei,典韦,/wiki/Dian_Wei
Ding Feng,丁奉,/wiki/Ding_Feng_(general)
Ding Yi,丁仪,/wiki/Ding_Yi_(Han_dynasty)
Ding Yuan,丁原,/wiki/Ding_Yuan
Empress Dowager Dong,董太后,/wiki/Empress_Dowager_Dong
Dong Cheng,董承,/wiki/Dong_Cheng_(Han_dynasty)
Dong Jue,董厥,/wiki/Dong_Jue
Dong Min,董旻,/wiki/Dong_Min
Dong Xi,董袭,/wiki/Dong_Xi
Dong Yun,董允,/wiki/Dong_Yun
Dong Zhao,董昭,/wiki/Dong_Zhao_(Three_Kingdoms)
Dong Zhuo,董卓,/wiki/Dong_Zhuo
Du Ji,杜畿,/wiki/Du_Ji
Du Kui,杜夔,/wiki/Du_Kui
Du Qiong,杜琼,/wiki/Du_Qiong_(Three_Kingdoms)
Du Wei,杜微,/wiki/Du_Wei_(Three_Kingdoms)
Du Xi,杜袭,/wiki/Du_Xi
Du Yu,杜预,/wiki/Du_Yu
Fa Zhen,法真,/wiki/Fa_Zhen
Fa Zheng,法正,/wiki/Fa_Zheng
Fan Changsheng,范长生,/wiki/Fan_Changsheng
Fan Chou,樊稠,/wiki/Fan_Chou
Fan Jian,樊建,/wiki/Fan_Jian
Fei Shi,费诗,/wiki/Fei_Shi
Fei Yao,费曜,/wiki/Fei_Yao
Fei Yi,费祎,/wiki/Fei_Yi
Feng Xi,冯习,/wiki/Feng_Xi
Fu Jia,傅嘏,/wiki/Fu_Jia
Fu Qian,傅佥,/wiki/Fu_Qian
Fu Rong,傅肜,/wiki/Fu_Rong_(Three_Kingdoms)
Fu Shou,伏寿,/wiki/Fu_Shou
Fu Xuan,傅玄,/wiki/Fu_Xuan
Fu Xun,傅巽,/wiki/Fu_Xun
Lady Gan,甘氏,/wiki/Lady_Gan
Gan Ji,干吉,/wiki/Gan_Ji
Gan Ning,甘宁,/wiki/Gan_Ning
Gao Gan,高干,/wiki/Gao_Gan
Gao Rou,高柔,/wiki/Gao_Rou
Gao Shun,高顺,/wiki/Gao_Shun
Gao Xiang,高翔,/wiki/Gao_Xiang_(Three_Kingdoms)
Ge Xuan,葛玄,/wiki/Ge_Xuan
Gong Lu,龚禄,/wiki/Gong_Lu
Gongsun Du,公孙度,/wiki/Gongsun_Du
Gongsun Gong,公孙恭,/wiki/Gongsun_Gong
Gongsun Kang,公孙康,/wiki/Gongsun_Kang
Gongsun Yuan,公孙渊,/wiki/Gongsun_Yuan
Gongsun Zan,公孙瓒,/wiki/Gongsun_Zan
Gu Cheng,顾承,/wiki/Gu_Cheng_(Three_Kingdoms)
Gu Hui,顾徽,/wiki/Gu_Hui
Gu Li,谷利,/wiki/Gu_Li_(Han_dynasty)
Gu Shao,顾邵,/wiki/Gu_Shao
Gu Tan,顾谭,/wiki/Gu_Tan
Gu Ti,顾悌,/wiki/Gu_Ti
Gu Yong,顾雍,/wiki/Gu_Yong
Guan Jing,关靖,/wiki/Guan_Jing
Guan Lu,管辂,/wiki/Guan_Lu
Guan Ning,管宁,/wiki/Guan_Ning
Guan Ping,关平,/wiki/Guan_Ping
Guan Xing,关兴,/wiki/Guan_Xing
Guan Yu,关羽,/wiki/Guan_Yu
Guanqiu Jian,毌丘俭,/wiki/Guanqiu_Jian
Empress Guo,郭皇后,/wiki/Empress_Guo_(Cao_Rui%27s_wife)
Guo Chong,郭冲,/wiki/Guo_Chong
Guo Huai,郭淮,/wiki/Guo_Huai
Guo Jia,郭嘉,/wiki/Guo_Jia
Guo Nüwang,郭女王,/wiki/Guo_N%C3%BCwang
Guo Pei,郭配,/wiki/Guo_Pei
Guo Si,郭汜,/wiki/Guo_Si
Guo Tu,郭图,/wiki/Guo_Tu
Guo Youzhi,郭攸之,/wiki/Guo_Youzhi
Guo Yuan,国渊,/wiki/Guo_Yuan_(Zini)
Guo Zhi,郭智,/wiki/Guo_Zhi
Han Dang,韩当,/wiki/Han_Dang
Han Fu,韩馥,/wiki/Han_Fu_(warlord)
Han Hao,韩浩,/wiki/Han_Hao
Han Ji,韩暨,/wiki/Han_Ji
Han Sui,韩遂,/wiki/Han_Sui
Han Xian,韩暹,/wiki/Han_Xian_(Han_dynasty)
Han Xuan,韩玄,/wiki/Han_Xuan
Hao Meng,郝萌,/wiki/Hao_Meng
Hao Zhao,郝昭,/wiki/Hao_Zhao
Empress He,何皇后,/wiki/Empress_He_(Han_dynasty)
Empress Dowager He,何太后,/wiki/Empress_Dowager_He_(Eastern_Wu)
He Jin,何进,/wiki/He_Jin
He Qi,贺齐,/wiki/He_Qi
He Qia,和洽,/wiki/He_Qia
He Yan,何晏,/wiki/He_Yan
He Yong,何颙,/wiki/He_Yong_(Han_dynasty)
Hou Cheng,侯成,/wiki/Hou_Cheng
Hou Lan,侯览,/wiki/Hou_Lan
Hu Ji,胡济,/wiki/Hu_Ji
Hu Zhen,胡轸,/wiki/Hu_Zhen
Hu Zong,胡综,/wiki/Hu_Zong
Hua Dan,华澹,/wiki/Hua_Dan
Hua He,华覈,/wiki/Hua_He
Hua Tuo,华佗,/wiki/Hua_Tuo
Hua Xin,华歆,/wiki/Hua_Xin
Hua Xiong,华雄,/wiki/Hua_Xiong
Huan Fan,桓范,/wiki/Huan_Fan
Huan Jie,桓阶,/wiki/Huan_Jie
Lady Huang,黄氏,/wiki/Lady_Huang
Huang Chengyan,黄承彦,/wiki/Huang_Chengyan
Huang Gai,黄盖,/wiki/Huang_Gai
Huang Hao,黄皓,/wiki/Huang_Hao
Huang Quan,黄权,/wiki/Huang_Quan_(general)
Huang Zhong,黄忠,/wiki/Huang_Zhong
Huang Zu,黄祖,/wiki/Huang_Zu
Huangfu Mi,皇甫谧,/wiki/Huangfu_Mi
Huangfu Song,皇甫嵩,/wiki/Huangfu_Song
Huchuquan,呼厨泉,/wiki/Huchuquan_Chanyu
Huo Jun,霍峻,/wiki/Huo_Jun
Huo Yi,霍弋,/wiki/Huo_Yi
Ji Ben,吉本,/wiki/Ji_Ben
Ji Kang,嵇康,/wiki/Ji_Kang
Ji Ling,纪灵,/wiki/Ji_Ling
Ji Yan,暨艳,/wiki/Ji_Yan_(Three_Kingdoms)
Jia Chong,贾充,/wiki/Jia_Chong
Jia Kui,贾逵,/wiki/Jia_Kui_(general)
Jia Xu,贾诩,/wiki/Jia_Xu
Jian Shuo,蹇硕,/wiki/Jian_Shuo
Jian Yong,简雍,/wiki/Jian_Yong
Jiang Gan,蒋干,/wiki/Jiang_Gan
Jiang Ji,蒋济,/wiki/Jiang_Ji
Jiang Qin,蒋钦,/wiki/Jiang_Qin
Jiang Wan,蒋琬,/wiki/Jiang_Wan
Jiang Wei,姜维,/wiki/Jiang_Wei
Jiang Xu,姜叙,/wiki/Jiang_Xu
Jin Xuan,金旋,/wiki/Jin_Xuan
Ju Shou,沮授,/wiki/Ju_Shou
Kan Ze,阚泽,/wiki/Kan_Ze
Kang Senghui,康僧会,/wiki/Kang_Senghui
Kang Tai,康泰,/wiki/Kang_Tai
Kebineng,轲比能,/wiki/Kebineng
Kong Rong,孔融,/wiki/Kong_Rong
Kong Zhou,孔伷,/wiki/Kong_Zhou
Kuai Liang,蒯良,/wiki/Kuai_Liang
Kuai Yue,蒯越,/wiki/Kuai_Yue
Lai Min,来敏,/wiki/Lai_Min
Li Dian,李典,/wiki/Li_Dian
Li Feng,李丰,/wiki/Li_Feng_(Cao_Wei)
Li Fu,李福,/wiki/Li_Fu
Li Hui,李恢,/wiki/Li_Hui_(Three_Kingdoms)
Li Jue,李傕,/wiki/Li_Jue_(Han_dynasty)
Li Miao,李邈,/wiki/Li_Miao_(Three_Kingdoms)
Li Ru,李儒,/wiki/Li_Ru
Li Sheng,李胜,/wiki/Li_Sheng_(Three_Kingdoms)
Li Su,李肃,/wiki/Li_Su_(Han_dynasty)
Li Tong,李通,/wiki/Li_Tong_(Wenda)
Li Xiu,李休,/wiki/Li_Xiu
Li Yan,李严,/wiki/Li_Yan_(Three_Kingdoms)
Li Zhuan,李譔,/wiki/Li_Zhuan
Liang Mao,凉茂,/wiki/Liang_Mao
Liang Xi,梁习,/wiki/Liang_Xi
Liang Yu,梁寓,/wiki/Liang_Yu
Liao Hua,廖化,/wiki/Liao_Hua
Liao Li,廖立,/wiki/Liao_Li
Ling Cao,凌操,/wiki/Ling_Cao
Ling Tong,凌统,/wiki/Ling_Tong
Liu Ba,刘巴,/wiki/Liu_Ba
Liu Bao,刘豹,/wiki/Liu_Bao
Liu Bei,刘备,/wiki/Liu_Bei
Liu Bian,刘辩,/wiki/Liu_Bian
Liu Biao,刘表,/wiki/Liu_Biao
Liu Chen,刘谌,/wiki/Liu_Chen
Liu Chong,刘宠,/wiki/Liu_Chong_(Prince_Min_of_Chen)
Liu Cong,刘琮,/wiki/Liu_Cong_(Han_dynasty)
Liu Dai,刘岱,/wiki/Liu_Dai
Liu Du,刘度,/wiki/Liu_Du_(warlord)
Liu Feng,刘封,/wiki/Liu_Feng
Liu Fu,刘馥,/wiki/Liu_Fu_(Yuanying)
Liu Han,刘汉,/wiki/Liu_Han
Liu Hui,刘徽,/wiki/Liu_Hui
Liu Ji,刘基,/wiki/Liu_Ji_(Three_Kingdoms)
Liu Li,刘理,/wiki/Liu_Li_(Three_Kingdoms)
Liu Ling,刘伶,/wiki/Liu_Ling_(poet)
Liu Qi,刘琦,/wiki/Liu_Qi_(Liu_Biao%27s_son)
Liu Qiao,刘乔,/wiki/Liu_Qiao
Liu Shan,刘禅,/wiki/Liu_Shan
Liu Shao,刘劭,/wiki/Liu_Shao_(Three_Kingdoms)
Liu Xuan,刘璇/刘璿,/wiki/Liu_Xuan_(Three_Kingdoms)
Liu Xun,刘勋,/wiki/Liu_Xun_(warlord)
Liu Yan,刘焉,/wiki/Liu_Yan_(Han_dynasty_warlord)
Liu Yao,刘繇,/wiki/Liu_Yao_(warlord)
Liu Ye,刘晔,/wiki/Liu_Ye_(Three_Kingdoms)
Liu Yong,刘永,/wiki/Liu_Yong_(Three_Kingdoms)
Liu Yu,刘虞,/wiki/Liu_Yu_(warlord)
Liu Zan,留赞,/wiki/Liu_Zan
Liu Zhang,刘璋,/wiki/Liu_Zhang_(warlord)
Lou Gui,娄圭,/wiki/Lou_Gui
Lou Xuan,楼玄,/wiki/Lou_Xuan
Lu Ji,陆机,/wiki/Lu_Ji_(Shiheng)
Lu Jing,陆景,/wiki/Lu_Jing
Lu Kai,陆凯,/wiki/Lu_Kai
Lu Kang,陆抗,/wiki/Lu_Kang_(Three_Kingdoms)
Lu Mao,陆瑁,/wiki/Lu_Mao
Lu Su,鲁肃,/wiki/Lu_Su
Lu Ting,卢挺,/wiki/Lu_Ting
Lu Xun,陆逊,/wiki/Lu_Xun_(Three_Kingdoms)
Lu Yin,陆胤,/wiki/Lu_Yin_(Three_Kingdoms)
Lu Zhi,卢植,/wiki/Lu_Zhi_(Han_dynasty)
Lü Boshe,吕伯奢,/wiki/L%C3%BC_Boshe
Lü Bu,吕布,/wiki/L%C3%BC_Bu
Lü Dai,吕岱,/wiki/L%C3%BC_Dai
Lü Fan,吕范,/wiki/L%C3%BC_Fan
Lü Ju,吕据,/wiki/L%C3%BC_Ju
Lü Kai,吕凯,/wiki/L%C3%BC_Kai
Lü Meng,吕蒙,/wiki/L%C3%BC_Meng
Lü Yi,吕乂,/wiki/L%C3%BC_Yi_(Shu_Han)
Luo Tong,骆统,/wiki/Luo_Tong
Luo Xian,罗宪,/wiki/Luo_Xian
Ma Chao,马超,/wiki/Ma_Chao
Ma Dai,马岱,/wiki/Ma_Dai
Ma Jun,马钧,/wiki/Ma_Jun
Ma Liang,马良,/wiki/Ma_Liang_(Three_Kingdoms)
Ma Midi,马日磾,/wiki/Ma_Midi
Ma Su,马谡,/wiki/Ma_Su
Ma Teng,马腾,/wiki/Ma_Teng
Ma Zhong,马忠,/wiki/Ma_Zhong_(Shu_Han)
Man Chong,满宠,/wiki/Man_Chong
Empress Mao,毛皇后,/wiki/Empress_Mao_(Ming)
Mao Jie,毛玠,/wiki/Mao_Jie
Meng Da,孟达,/wiki/Meng_Da
Meng Guang,孟光,/wiki/Meng_Guang
Meng Huo,孟获,/wiki/Meng_Huo
Lady Mi,麋氏,/wiki/Lady_Mi
Mi Fang,麋芳,/wiki/Mi_Fang
Mi Heng,祢衡,/wiki/Mi_Heng
Mi Zhu,麋竺,/wiki/Mi_Zhu
Niu Fu,牛辅,/wiki/Niu_Fu
Niu Jin,牛金,/wiki/Niu_Jin
Empress Pan,潘皇后,/wiki/Empress_Pan_(Da)
Pan Jun,潘濬,/wiki/Pan_Jun
Pan Zhang,潘璋,/wiki/Pan_Zhang
Pang De,庞德,/wiki/Pang_De
Pang Ji,逢纪,/wiki/Pang_Ji
Pang Tong,庞统,/wiki/Pang_Tong
Pang Xi,庞羲,/wiki/Pang_Xi
Pei Xiu,裴秀,/wiki/Pei_Xiu
Peng Yang,彭羕,/wiki/Peng_Yang_(Han_dynasty)
Puyang Xing,濮阳兴,/wiki/Puyang_Xing
Qian Hong,牵弘,/wiki/Qian_Hong_(Jin_dynasty)
Qian Zhao,牵招,/wiki/Qian_Zhao
Qiao Mao,桥瑁,/wiki/Qiao_Mao
Qiao Xuan,桥玄,/wiki/Qiao_Xuan
Qiao Zhou,谯周,/wiki/Qiao_Zhou
Qin Lang,秦朗,/wiki/Qin_Lang
Qin Mi,秦宓,/wiki/Qin_Mi
Qin Song,秦松,/wiki/Qin_Song
Qin Yilu,秦宜禄,/wiki/Qin_Yilu
Qiuliju,丘力居,/wiki/Qiuliju
Qu Yi,麴义,/wiki/Qu_Yi
Quan Cong,全琮,/wiki/Quan_Cong
Quan Huijie,全惠解,/wiki/Empress_Quan_Huijie
Ren Jun,任峻,/wiki/Ren_Jun
Ruan Ji,阮籍,/wiki/Ruan_Ji
Ruan Xian,阮咸,/wiki/Ruan_Xian
Shamoke,沙摩柯,/wiki/Shamoke
Shan Tao,山涛,/wiki/Shan_Tao_(Taoist)
Shen Pei,审配,/wiki/Shen_Pei
Sheng Xian,盛宪,/wiki/Sheng_Xian
Shi Chong,石崇,/wiki/Shi_Chong
Shi Ji,施绩,/wiki/Shi_Ji_(Three_Kingdoms)
Shi Ren,士仁,/wiki/Shi_Ren
Shi Wei,石伟,/wiki/Shi_Wei
Shi Xie,士燮,/wiki/Shi_Xie
Shi Yi,是仪,/wiki/Shi_Yi_(Eastern_Wu)
Sima Fang,司马防,/wiki/Sima_Fang
Sima Fu,司马孚,/wiki/Sima_Fu
Sima Hui,司马徽,/wiki/Sima_Hui
Sima Lang,司马朗,/wiki/Sima_Lang
Sima Liang,司马亮,/wiki/Sima_Liang
Sima Lun,司马伦,/wiki/Sima_Lun
Sima Shi,司马师,/wiki/Sima_Shi
Sima Wang,司马望,/wiki/Sima_Wang
Sima Yi,司马懿,/wiki/Sima_Yi
Sima You,司马攸,/wiki/Sima_You
Sima Zhao,司马昭,/wiki/Sima_Zhao
Sima Zhi,司马芝,/wiki/Sima_Zhi
Sima Zhou,司马伷,/wiki/Sima_Zhou
Song Qian,宋谦,/wiki/Song_Qian_(Eastern_Wu)
Su Yu,苏愉,/wiki/Su_Yu
Su Ze,苏则,/wiki/Su_Ze
Lady Sun,孙氏,/wiki/Lady_Sun
Sun Ba,孙霸,/wiki/Sun_Ba
Sun Ben,孙贲,/wiki/Sun_Ben
Sun Ce,孙策,/wiki/Sun_Ce
Sun Chen,孙綝,/wiki/Sun_Chen
Sun Chu,孙楚,/wiki/Sun_Chu
Sun Deng,孙登,/wiki/Sun_Deng_(Eastern_Wu)
Sun Fen,孙奋,/wiki/Sun_Fen
Sun Fu,孙辅,/wiki/Sun_Fu
Sun Hao,孙皓,/wiki/Sun_Hao
Sun He,孙和,/wiki/Sun_He_(Zixiao)
Sun Huan,孙桓,/wiki/Sun_Huan_(Shuwu)
Sun Jian,孙坚,/wiki/Sun_Jian
Sun Jiao,孙皎,/wiki/Sun_Jiao
Sun Jing,孙静,/wiki/Sun_Jing
Sun Jun,孙峻,/wiki/Sun_Jun_(Three_Kingdoms)
Sun Kuang,孙匡,/wiki/Sun_Kuang
Sun Lang,孙朗,/wiki/Sun_Lang
Sun Li,孙礼,/wiki/Sun_Li_(Three_Kingdoms)
Sun Liang,孙亮,/wiki/Sun_Liang
Sun Lü,孙虑,/wiki/Sun_L%C3%BC
Sun Luban,孙鲁班,/wiki/Sun_Luban
Sun Luyu,孙鲁育,/wiki/Sun_Luyu
Sun Qian,孙干,/wiki/Sun_Qian
Sun Quan,孙权,/wiki/Sun_Quan
Sun Shao,孙韶,/wiki/Sun_Shao_(general)
Sun Xiu,孙休,/wiki/Sun_Xiu_(emperor)
Sun Yan,孙炎,/wiki/Sun_Yan
Sun Yi,孙翊,/wiki/Sun_Yi_(Sun_Jian%27s_son)
Sun Yu,孙瑜,/wiki/Sun_Yu_(Han_dynasty)
Sun Zheng,孙拯,/wiki/Sun_Zheng
Tadun,蹋顿,/wiki/Tadun
Taishi Ci,太史慈,/wiki/Taishi_Ci
Taishi Xiang,太史享,/wiki/Taishi_Xiang
Consort Tang,唐氏,/wiki/Consort_Tang_(Han_dynasty)
Tang Zi,唐咨,/wiki/Tang_Zi
Tao Huang,陶璜,/wiki/Tao_Huang
Tao Jun,陶浚/陶濬,/wiki/Tao_Jun_(Three_Kingdoms)
Tao Qian,陶谦,/wiki/Tao_Qian_(Han_dynasty)
Teng Fanglan,滕芳兰,/wiki/Teng_Fanglan
Teng Xiu,滕修,/wiki/Teng_Xiu
Teng Yin,滕胤,/wiki/Teng_Yin
Tian Feng,田丰,/wiki/Tian_Feng
Tian Kai,田楷,/wiki/Tian_Kai
Tian Xu,田续,/wiki/Tian_Xu
Tian Yu,田豫,/wiki/Tian_Yu
Tuoba Liwei,拓跋力微,/wiki/Tuoba_Liwei
Wan Yu,万彧,/wiki/Wan_Yu
Empress Wang,王皇后,/wiki/Empress_Wang_(Cao_Fang)
Wang Bi,王弼,/wiki/Wang_Bi
Wang Can,王粲,/wiki/Wang_Can
Wang Chang,王昶,/wiki/Wang_Chang_(Three_Kingdoms)
Wang Fan,王蕃,/wiki/Wang_Fan
Wang Fu,王甫,/wiki/Wang_Fu_(Three_Kingdoms)
Wang Guan,王观,/wiki/Wang_Guan
Wang Guang,王广,/wiki/Wang_Guang
Wang Hong,王宏,/wiki/Wang_Hong
Wang Ji,王基,/wiki/Wang_Ji_(Three_Kingdoms)
Wang Jing,王经,/wiki/Wang_Jing_(Three_Kingdoms)
Wang Jun,王濬,/wiki/Wang_Jun_(Jin_dynasty)
Wang Kuang,王匡,/wiki/Wang_Kuang
Wang Lang,王朗,/wiki/Wang_Lang
Wang Lian,王连,/wiki/Wang_Lian
Wang Ling,王凌,/wiki/Wang_Ling_(Three_Kingdoms)
Wang Mo,王默,/wiki/Wang_Mo
Wang Ping,王平,/wiki/Wang_Ping_(Three_Kingdoms)
Wang Qian,王虔,/wiki/Wang_Qian
Wang Rong,王戎,/wiki/Wang_Rong_(Jin_dynasty)
Wang Shuang,王双,/wiki/Wang_Shuang_(Cao_Wei)
Wang Su,王肃,/wiki/Wang_Su
Wang Tu,王图,/wiki/Wang_Tu
Wang Xiang,王祥,/wiki/Wang_Xiang
Wang Xiu,王修,/wiki/Wang_Xiu_(Han_dynasty)
Wang Ye,王业,/wiki/Wang_Ye_(Three_Kingdoms)
Wang Yi,王异,/wiki/Wang_Yi_(wife_of_Zhao_Ang)
Wang Yuanji,王元姬,/wiki/Wang_Yuanji
Wang Yun,王允,/wiki/Wang_Yun_(Han_dynasty)
Wang Ze,王泽,/wiki/Wang_Ze
Wang Zhong,王忠,/wiki/Wang_Zhong_(Three_Kingdoms)
Wei Feng,魏讽,/wiki/Wei_Feng
Wei Gu,卫固,/wiki/Wei_Gu
Wei Guan,卫瓘,/wiki/Wei_Guan
Wei Heng,卫恒,/wiki/Wei_Heng
Wei Kang,韦康,/wiki/Wei_Kang
Wei Shu,魏舒,/wiki/Wei_Shu
Wei Yan,魏延,/wiki/Wei_Yan
Wei Zhao,韦昭/韦曜,/wiki/Wei_Zhao_(Three_Kingdoms)
Wei Zi,卫兹,/wiki/Wei_Zi
Wen Chou,文丑,/wiki/Wen_Chou
Wen Hui,温恢,/wiki/Wen_Hui
Wen Ping,文聘,/wiki/Wen_Ping
Wen Qin,文钦,/wiki/Wen_Qin
Wen Yang,文鸯,/wiki/Wen_Yang_(Three_Kingdoms)
Empress Wu,吴皇后,/wiki/Empress_Wu_(Zhaolie)
Lady Wu,吴氏,/wiki/Lady_Wu_(Sun_Jian%27s_wife)
Wu Ban,吴班,/wiki/Wu_Ban
Wu Can,吾粲,/wiki/Wu_Can
Wu Fan,吴范,/wiki/Wu_Fan
Wu Fu,伍孚,/wiki/Wu_Fu
Wu Jing,吴景,/wiki/Wu_Jing_(Han_dynasty)
Wu Kang,吴康,/wiki/Wu_Kang
Wu Qiong,伍琼,/wiki/Wu_Qiong
Wu Yi,吴懿,/wiki/Wu_Yi_(Three_Kingdoms)
Wu Ying,吴应,/wiki/Wu_Ying
Wu Zhi,吴质,/wiki/Wu_Zhi
Xi Zheng,郤正,/wiki/Xi_Zheng
Xiahou Ba,夏侯霸,/wiki/Xiahou_Ba
Xiahou Dun,夏侯惇,/wiki/Xiahou_Dun
Xiahou He,夏侯和,/wiki/Xiahou_He
Xiahou Hui,夏侯惠,/wiki/Xiahou_Hui
Xiahou Mao,夏侯楙,/wiki/Xiahou_Mao
Xiahou Shang,夏侯尚,/wiki/Xiahou_Shang
Xiahou Wei,夏侯威,/wiki/Xiahou_Wei
Xiahou Xuan,夏侯玄,/wiki/Xiahou_Xuan
Xiahou Yuan,夏侯渊,/wiki/Xiahou_Yuan
Xiang Chong,向宠,/wiki/Xiang_Chong_(Three_Kingdoms)
Xiang Lang,向朗,/wiki/Xiang_Lang
Xiang Xiu,向秀,/wiki/Xiang_Xiu
Lady Xie,谢氏,/wiki/Lady_Xie
Xin Pi,辛毗,/wiki/Xin_Pi
Xin Ping,辛评,/wiki/Xin_Ping
Xin Xianying,辛宪英,/wiki/Xin_Xianying
Xing Yong,邢颙,/wiki/Xing_Yong
Lady Xu,徐氏,/wiki/Lady_Xu_(Sun_Yi)
Xu Chu,许褚,/wiki/Xu_Chu
Xu Ci,许慈,/wiki/Xu_Ci
Xu Gan,徐干,/wiki/Xu_Gan
Xu Gong,许贡,/wiki/Xu_Gong
Xu Huang,徐晃,/wiki/Xu_Huang
Xu Jing,许靖,/wiki/Xu_Jing_(Three_Kingdoms)
Xu Miao,徐邈,/wiki/Xu_Miao
Xu Ping,徐平,/wiki/Xu_Ping
Xu Rong,徐荣,/wiki/Xu_Rong_(general)
Xu Shao,许劭,/wiki/Xu_Shao
Xu Sheng,徐盛,/wiki/Xu_Sheng
Xu Shu,徐庶,/wiki/Xu_Shu
Xu Xuan,徐宣,/wiki/Xu_Xuan
Xu You,许攸,/wiki/Xu_You_(Han_dynasty)
Xu Yun,许允,/wiki/Xu_Yun
Xue Xu,薛珝,/wiki/Xue_Xu
Xue Ying,薛莹,/wiki/Xue_Ying
Xue Zong,薛综,/wiki/Xue_Zong
Xun Can,荀粲,/wiki/Xun_Can
Xun Chen,荀谌,/wiki/Xun_Chen
Xun Shuang,荀爽,/wiki/Xun_Shuang
Xun Xu,荀勖,/wiki/Xun_Xu
Xun Yi,荀顗,/wiki/Xun_Yi
Xun You,荀攸,/wiki/Xun_You
Xun Yu,荀彧,/wiki/Xun_Yu
Xun Yue,荀悦,/wiki/Xun_Yue
Yan Baihu,严白虎,/wiki/Yan_Baihu
Yan Jun,严畯,/wiki/Yan_Jun_(Three_Kingdoms)
Yan Liang,颜良,/wiki/Yan_Liang
Yan Rou,阎柔,/wiki/Yan_Rou
Yan Xiang,阎象,/wiki/Yan_Xiang_(Han_dynasty)
Yan Xing,阎行,/wiki/Yan_Xing_(Han_dynasty)
Yan Yan,严颜,/wiki/Yan_Yan_(Three_Kingdoms)
Yang Bai,杨白,/wiki/Yang_Bai
Yang Feng,杨奉,/wiki/Yang_Feng_(Han_dynasty)
Yang Fu,杨阜,/wiki/Yang_Fu_(Han_dynasty)
Yang Hu,羊祜,/wiki/Yang_Hu
Yang Huiyu,羊徽瑜,/wiki/Yang_Huiyu
Yang Jun,杨骏,/wiki/Yang_Jun_(Jin_dynasty)
Yang Qiu,杨秋,/wiki/Yang_Qiu_(warlord)
Yang Xi,杨戏,/wiki/Yang_Xi_(Three_Kingdoms)
Yang Xiu,杨修,/wiki/Yang_Xiu_(Han_dynasty)
Yang Yan,杨艳,/wiki/Yang_Yan
Yang Yi,杨仪,/wiki/Yang_Yi
Yang Zhao,杨肇,/wiki/Yang_Zhao
Yao Xin,姚信,/wiki/Yao_Xin
Yin Li,殷礼,/wiki/Yin_Li_(Eastern_Wu)
Yin Mo,尹默,/wiki/Yin_Mo
Ying Qu,应璩,/wiki/Ying_Qu
Ying Shao,应劭,/wiki/Ying_Shao
Ying Yu,应馀,/wiki/Ying_Yu
Yu Bing,虞昺,/wiki/Yu_Bing
Yu Fan,虞翻,/wiki/Yu_Fan
Yu Huan,鱼豢,/wiki/Yu_Huan
Yu Jin,于禁,/wiki/Yu_Jin
Yu Quan,于诠,/wiki/Yu_Quan_(general)
Yu Si,虞汜,/wiki/Yu_Si
Yu Song,虞耸,/wiki/Yu_Song
Yu Zhong,虞忠,/wiki/Yu_Zhong_(Three_Kingdoms)
Yuan Huan,袁涣,/wiki/Yuan_Huan
Yuan Shang,袁尚,/wiki/Yuan_Shang
Yuan Shao,袁绍,/wiki/Yuan_Shao
Yuan Shu,袁术,/wiki/Yuan_Shu
Yuan Tan,袁谭,/wiki/Yuan_Tan
Yuan Wei,袁隗,/wiki/Yuan_Wei
Yuan Xi,袁熙,/wiki/Yuan_Xi
Yuan Xu,袁敍,/wiki/Yuan_Xu
Yuan Ye,袁晔,/wiki/Yuan_Ye
Yuan Yi,袁遗,/wiki/Yuan_Yi_(Han_dynasty)
Yue Guang,乐广,/wiki/Yue_Guang
Yue Jin,乐进,/wiki/Yue_Jin
Yufuluo,于夫罗,/wiki/Yufuluo_Chanyu
Yuwen Mohuai,宇文莫槐,/wiki/Yuwen_Mohuai
Zang Ba,臧霸,/wiki/Zang_Ba
Ze Rong,笮融,/wiki/Ze_Rong
Zhang Bao,张苞,/wiki/Zhang_Bao_(Shu_Han)
Zhang Bu,张布,/wiki/Zhang_Bu
Zhang Changpu,张昌蒲,/wiki/Zhang_Changpu
Zhang Chao,张超,/wiki/Zhang_Chao
Zhang Cheng,张承,/wiki/Zhang_Cheng_(Three_Kingdoms)
Zhang Chun,张纯,/wiki/Zhang_Chun
Zhang Chunhua,张春华,/wiki/Zhang_Chunhua
Zhang Fan,张范,/wiki/Zhang_Fan_(Han_dynasty)
Zhang Fei,张飞,/wiki/Zhang_Fei
Zhang He,张郃,/wiki/Zhang_He
Zhang Hong,张纮,/wiki/Zhang_Hong_(Han_dynasty)
Zhang Hu,张虎,/wiki/Zhang_Hu_(Three_Kingdoms)
Zhang Hua,张华,/wiki/Zhang_Hua
Zhang Ji,张既,/wiki/Zhang_Ji_(Derong)
Zhang Liao,张辽,/wiki/Zhang_Liao
Zhang Lu,张鲁,/wiki/Zhang_Lu_(Han_dynasty)
Zhang Miao,张邈,/wiki/Zhang_Miao
Zhang Nan,张南,/wiki/Zhang_Nan_(Three_Kingdoms)
Zhang Ren,张任,/wiki/Zhang_Ren
Zhang Song,张松,/wiki/Zhang_Song
Zhang Te,张特,/wiki/Zhang_Te
Zhang Ti,张悌,/wiki/Zhang_Ti
Zhang Wen,张温,/wiki/Zhang_Wen_(Three_Kingdoms)
Zhang Xiang,张翔,/wiki/Zhang_Xiang
Zhang Xiu,张绣,/wiki/Zhang_Xiu_(warlord)
Zhang Yan,张燕,/wiki/Zhang_Yan_(Han_dynasty)
Zhang Yang,张杨,/wiki/Zhang_Yang_(warlord)
Zhang Yi,张翼,/wiki/Zhang_Yi_(Bogong)
Zhang Yu,张裕,/wiki/Zhang_Yu_(Nanhe)
Zhang Zhao,张昭,/wiki/Zhang_Zhao
Zhang Zhi,张芝,/wiki/Zhang_Zhi_(calligrapher)
Zhao Ang,赵昂,/wiki/Zhao_Ang
Zhao Fan,赵范,/wiki/Zhao_Fan_(Han_dynasty)
Zhao Qi,赵岐,/wiki/Zhao_Qi_(Han_dynasty)
Zhao Qian,赵谦,/wiki/Zhao_Qian
Zhao Rong,赵融,/wiki/Zhao_Rong
Zhao Yan,赵俨,/wiki/Zhao_Yan_(Three_Kingdoms)
Zhao Yun,赵云,/wiki/Zhao_Yun
Empress Zhen,甄皇后,/wiki/Empress_Zhen_(Cao_Fang)
Lady Zhen,甄氏,/wiki/Lady_Zhen
Zheng Kai,郑凯,/wiki/Zheng_Kai
Zheng Mao,郑袤,/wiki/Zheng_Mao
Zheng Xuan,郑玄,/wiki/Zheng_Xuan
Zheng Zhou,郑胄,/wiki/Zheng_Zhou
Zhong Hui,锺会,/wiki/Zhong_Hui
Zhong Yao,锺繇,/wiki/Zhong_Yao
Zhou Ang,周昂,/wiki/Zhou_Ang
Zhou Bi,周毖,/wiki/Zhou_Bi
Zhou Chu,周处,/wiki/Zhou_Chu
Zhou Fang,周鲂,/wiki/Zhou_Fang_(Three_Kingdoms)
Zhou Jun,周峻,/wiki/Zhou_Jun
Zhou Qun,周群,/wiki/Zhou_Qun
Zhou Tai,周泰,/wiki/Zhou_Tai
Zhou Xin,周昕,/wiki/Zhou_Xin_(Han_dynasty)
Zhou Yu,周瑜,/wiki/Zhou_Yu
Empress Zhu,朱皇后,/wiki/Empress_Zhu_(Eastern_Wu)
Zhu Huan,朱桓,/wiki/Zhu_Huan
Zhu Ju,朱据,/wiki/Zhu_Ju
Zhu Jun,朱儁,/wiki/Zhu_Jun_(Han_dynasty)
Zhu Ling,朱灵,/wiki/Zhu_Ling_(Three_Kingdoms)
Zhu Ran,朱然,/wiki/Zhu_Ran
Zhu Yi,朱异,/wiki/Zhu_Yi_(Three_Kingdoms)
Zhu Zhi,朱治,/wiki/Zhu_Zhi
Zhuge Dan,诸葛诞,/wiki/Zhuge_Dan
Zhuge Jin,诸葛瑾,/wiki/Zhuge_Jin
Zhuge Ke,诸葛恪,/wiki/Zhuge_Ke
Zhuge Liang,诸葛亮,/wiki/Zhuge_Liang
Zhuge Qiao,诸葛乔,/wiki/Zhuge_Qiao
Zhuge Rong,诸葛融,/wiki/Zhuge_Rong
Zhuge Shang,诸葛尚,/wiki/Zhuge_Shang
Zhuge Xu,诸葛绪,/wiki/Zhuge_Xu
Zhuge Xuan,诸葛玄,/wiki/Zhuge_Xuan
Zhuge Zhan,诸葛瞻,/wiki/Zhuge_Zhan
Zong Yu,宗预,/wiki/Zong_Yu
Zou Jing,邹靖,/wiki/Zou_Jing
Zuo Ci,左慈,/wiki/Zuo_Ci
